"startDate","endDate","afam","racial","aa","black","negro","rd","cr","seg"
"18510101","18510401",0,0,0,0,0,0,0,0
"18510401","18510701",0,0,0,0,0,0,0,0
"18510701","18511001",0,0,1,14,19,0,0,0
"18511001","18520101",1,0,12,130,53,0,60,0
"18520101","18520401",4,0,3,124,29,0,36,0
"18520401","18520701",8,0,10,132,50,0,29,0
"18520701","18521001",1,1,12,241,60,0,40,1
"18521001","18530101",12,1,33,362,108,0,63,2
"18530101","18530401",6,0,20,361,107,0,80,0
"18530401","18530701",4,0,33,293,113,0,22,0
"18530701","18531001",5,0,18,377,95,0,39,0
"18531001","18540101",5,0,19,294,89,0,48,0
"18540101","18540401",9,0,41,364,101,0,87,0
"18540401","18540701",11,1,50,363,113,0,68,1
"18540701","18541001",9,0,28,311,86,0,53,0
"18541001","18550101",9,0,23,247,61,0,42,0
"18550101","18550401",16,1,22,279,51,0,60,0
"18550401","18550701",16,0,15,270,55,0,54,1
"18550701","18551001",5,0,16,258,94,0,54,1
"18551001","18560101",11,0,13,249,71,0,55,1
"18560101","18560401",13,0,9,265,64,0,60,0
"18560401","18560701",6,0,13,235,63,0,74,0
"18560701","18561001",13,0,22,296,77,0,84,0
"18561001","18570101",1,1,25,244,95,0,52,0
"18570101","18570401",11,0,12,228,80,0,39,0
"18570401","18570701",12,0,22,259,100,0,45,1
"18570701","18571001",19,0,29,284,86,0,55,0
"18571001","18580101",6,0,17,201,73,0,44,0
"18580101","18580401",14,0,21,267,79,0,58,0
"18580401","18580701",12,0,47,260,73,0,35,0
"18580701","18581001",5,0,48,271,76,0,35,0
"18581001","18590101",3,0,25,236,78,0,41,0
"18590101","18590401",7,0,47,228,82,0,36,0
"18590401","18590701",7,0,27,202,85,0,46,0
"18590701","18591001",6,0,30,202,77,0,57,0
"18591001","18600101",4,1,30,193,112,0,46,0
"18600101","18600401",29,0,78,339,165,0,88,0
"18600401","18600701",24,0,57,358,116,0,69,0
"18600701","18601001",19,0,47,408,162,0,53,0
"18601001","18610101",19,0,68,328,192,0,105,0
"18610101","18610401",33,0,68,267,134,0,153,0
"18610401","18610701",7,0,31,302,159,0,199,0
"18610701","18611001",13,1,30,322,140,0,202,0
"18611001","18620101",8,0,24,330,175,0,195,1
"18620101","18620401",10,0,29,266,158,0,192,0
"18620401","18620701",26,0,23,298,202,0,105,0
"18620701","18621001",19,0,31,312,238,0,122,1
"18621001","18630101",36,0,23,252,213,0,135,1
"18630101","18630401",41,0,25,278,256,0,98,1
"18630401","18630701",35,0,26,402,241,0,85,1
"18630701","18631001",24,0,22,338,268,0,83,1
"18631001","18640101",40,0,24,229,156,0,76,0
"18640101","18640401",33,0,26,215,203,0,86,0
"18640401","18640701",20,0,27,270,190,0,76,0
"18640701","18641001",11,0,23,248,236,0,83,0
"18641001","18650101",18,0,23,245,143,0,78,0
"18650101","18650401",31,0,28,200,150,0,80,0
"18650401","18650701",32,0,19,355,208,0,118,1
"18650701","18651001",10,0,29,428,305,0,144,0
"18651001","18660101",28,0,43,346,343,0,161,0
"18660101","18660401",35,2,26,302,288,0,210,0
"18660401","18660701",16,1,12,270,168,0,191,1
"18660701","18661001",15,1,18,315,242,0,168,0
"18661001","18670101",3,0,16,282,232,0,129,0
"18670101","18670401",22,0,13,242,224,0,156,0
"18670401","18670701",7,0,23,399,248,0,128,0
"18670701","18671001",11,0,17,375,254,0,115,2
"18671001","18680101",2,0,11,241,316,0,67,0
"18680101","18680401",3,0,15,243,272,0,121,0
"18680401","18680701",8,1,11,311,251,0,74,0
"18680701","18681001",8,0,8,390,339,0,129,0
"18681001","18690101",6,0,6,232,178,0,73,0
"18690101","18690401",10,0,8,163,122,0,66,0
"18690401","18690701",4,3,0,159,136,0,58,1
"18690701","18691001",0,0,3,151,106,0,30,0
"18691001","18700101",1,0,2,110,66,0,20,0
"18700101","18700401",4,0,6,160,81,0,21,1
"18700401","18700701",15,0,7,204,102,0,45,0
"18700701","18701001",3,0,11,239,80,0,27,0
"18701001","18710101",7,0,9,275,87,0,36,1
"18710101","18710401",12,0,14,396,110,0,77,0
"18710401","18710701",7,1,13,317,117,0,78,0
"18710701","18711001",2,0,8,373,116,0,62,0
"18711001","18720101",3,1,8,276,59,0,63,0
"18720101","18720401",6,1,5,273,68,0,89,0
"18720401","18720701",4,1,6,300,64,0,109,0
"18720701","18721001",1,0,6,357,103,0,84,0
"18721001","18730101",6,2,8,280,64,0,38,0
"18730101","18730401",9,1,7,270,35,0,37,0
"18730401","18730701",10,0,11,327,76,0,33,2
"18730701","18731001",6,0,7,387,71,0,42,2
"18731001","18740101",3,0,14,213,34,0,60,0
"18740101","18740401",6,2,11,256,66,0,77,1
"18740401","18740701",7,6,12,329,71,0,131,0
"18740701","18741001",3,3,6,437,129,0,122,0
"18741001","18750101",6,1,3,417,139,0,99,1
"18750101","18750401",14,4,10,385,106,0,155,0
"18750401","18750701",7,2,7,357,52,0,68,0
"18750701","18751001",4,3,11,400,69,0,43,1
"18751001","18760101",3,4,12,325,40,1,34,0
"18760101","18760401",5,1,8,339,40,0,41,0
"18760401","18760701",9,3,9,423,57,0,43,0
"18760701","18761001",2,0,10,353,87,0,64,0
"18761001","18770101",7,3,12,362,92,0,56,0
"18770101","18770401",3,4,5,313,44,0,42,0
"18770401","18770701",2,5,6,409,63,0,27,0
"18770701","18771001",2,8,9,411,97,0,76,0
"18771001","18780101",6,2,11,333,72,0,46,0
"18780101","18780401",12,2,14,462,81,0,66,0
"18780401","18780701",8,1,11,453,75,0,42,0
"18780701","18781001",1,0,6,528,102,0,65,0
"18781001","18790101",4,5,6,400,93,0,36,0
"18790101","18790401",7,1,17,418,105,0,64,0
"18790401","18790701",18,2,11,493,137,0,86,0
"18790701","18791001",6,3,17,539,116,0,66,0
"18791001","18800101",8,2,12,418,107,0,61,0
"18800101","18800401",23,2,11,527,129,1,61,0
"18800401","18800701",29,0,13,495,138,0,60,1
"18800701","18801001",6,2,11,551,153,0,73,0
"18801001","18810101",10,0,14,432,116,0,67,1
"18810101","18810401",21,2,18,439,96,0,44,1
"18810401","18810701",19,3,20,446,85,0,41,1
"18810701","18811001",8,0,17,585,106,0,34,0
"18811001","18820101",6,1,19,446,67,0,43,1
"18820101","18820401",8,5,15,435,61,0,37,0
"18820401","18820701",16,1,13,460,84,0,51,2
"18820701","18821001",12,3,18,487,90,0,36,0
"18821001","18830101",3,3,6,412,58,0,38,0
"18830101","18830401",14,1,13,500,57,0,36,1
"18830401","18830701",9,2,11,466,102,0,34,0
"18830701","18831001",5,3,13,520,165,0,33,0
"18831001","18840101",6,0,17,526,163,0,65,0
"18840101","18840401",8,0,13,504,175,0,53,1
"18840401","18840701",10,2,21,546,139,0,57,0
"18840701","18841001",6,1,20,505,173,0,36,0
"18841001","18850101",10,0,29,516,163,0,53,1
"18850101","18850401",14,4,21,450,107,0,38,0
"18850401","18850701",7,2,10,524,119,0,33,1
"18850701","18851001",3,0,19,563,135,0,39,0
"18851001","18860101",6,3,7,491,111,0,43,0
"18860101","18860401",17,3,7,472,111,0,54,0
"18860401","18860701",12,5,12,428,80,0,27,0
"18860701","18861001",5,2,6,521,126,0,31,0
"18861001","18870101",7,4,12,445,122,0,24,1
"18870101","18870401",26,0,9,484,113,0,34,0
"18870401","18870701",7,1,8,543,85,0,32,0
"18870701","18871001",2,1,12,515,116,0,30,0
"18871001","18880101",8,4,8,421,69,0,15,0
"18880101","18880401",2,3,5,364,56,0,35,1
"18880401","18880701",11,2,9,408,85,0,52,0
"18880701","18881001",6,5,11,424,107,0,29,1
"18881001","18890101",3,6,10,375,90,0,16,0
"18890101","18890401",6,3,12,313,79,0,29,0
"18890401","18890701",3,4,8,391,59,0,21,0
"18890701","18891001",2,6,18,432,112,0,26,2
"18891001","18900101",6,10,19,386,109,0,39,2
"18900101","18900401",21,8,21,433,106,1,49,1
"18900401","18900701",23,3,21,438,93,0,29,0
"18900701","18901001",15,5,18,571,162,0,28,2
"18901001","18910101",3,5,19,476,152,0,52,0
"18910101","18910401",27,2,17,475,102,0,37,0
"18910401","18910701",11,5,10,441,105,0,41,0
"18910701","18911001",5,4,13,521,136,0,38,0
"18911001","18920101",8,3,21,496,101,0,29,0
"18920101","18920401",25,4,19,474,92,0,47,1
"18920401","18920701",24,4,24,536,143,0,49,2
"18920701","18921001",13,5,14,544,135,0,48,1
"18921001","18930101",15,8,20,616,143,0,38,1
"18930101","18930401",29,8,18,537,125,0,46,3
"18930401","18930701",18,9,33,683,104,0,38,2
"18930701","18931001",17,9,22,618,151,0,27,3
"18931001","18940101",7,6,26,617,100,0,37,0
"18940101","18940401",37,9,19,622,115,0,31,3
"18940401","18940701",32,7,30,635,106,0,71,3
"18940701","18941001",25,6,21,676,122,0,64,1
"18941001","18950101",28,12,27,569,125,0,60,3
"18950101","18950401",34,7,30,558,122,0,80,0
"18950401","18950701",22,8,20,576,144,0,75,2
"18950701","18951001",14,5,24,678,203,0,54,4
"18951001","18960101",22,16,32,771,185,0,88,2
"18960101","18960401",36,13,65,706,156,0,63,3
"18960401","18960701",18,8,42,565,112,0,49,0
"18960701","18961001",6,4,18,525,102,0,46,0
"18961001","18970101",3,7,12,381,129,1,30,0
"18970101","18970401",21,7,27,606,124,1,77,1
"18970401","18970701",22,7,31,763,192,0,53,3
"18970701","18971001",12,8,19,577,180,0,38,3
"18971001","18980101",7,14,29,647,197,1,50,4
"18980101","18980401",19,13,28,769,151,0,64,4
"18980401","18980701",14,13,40,824,129,1,70,0
"18980701","18981001",6,14,28,986,200,0,61,0
"18981001","18990101",9,17,36,763,237,0,87,1
"18990101","18990401",16,14,31,645,168,0,74,2
"18990401","18990701",16,24,43,620,209,0,68,4
"18990701","18991001",19,25,49,622,269,1,62,0
"18991001","19000101",17,24,126,546,166,2,64,0
"19000101","19000401",12,26,149,532,159,3,83,4
"19000401","19000701",21,21,138,610,216,1,101,3
"19000701","19001001",10,22,62,724,302,3,64,3
"19001001","19010101",12,14,78,620,216,0,76,5
"19010101","19010401",22,28,74,581,203,1,76,4
"19010401","19010701",17,24,46,618,230,1,64,3
"19010701","19011001",9,19,68,701,229,0,52,6
"19011001","19020101",21,23,66,693,222,1,75,6
"19020101","19020401",17,19,78,601,150,1,75,3
"19020401","19020701",13,20,73,671,151,1,72,4
"19020701","19021001",8,20,53,625,201,0,74,7
"19021001","19030101",25,23,45,733,194,1,58,9
"19030101","19030401",31,19,61,704,267,1,56,11
"19030401","19030701",21,45,36,702,320,3,75,7
"19030701","19031001",16,20,51,763,387,0,53,5
"19031001","19040101",26,29,43,646,260,0,46,7
"19040101","19040401",12,30,34,575,251,0,56,5
"19040401","19040701",10,12,19,618,278,0,47,1
"19040701","19041001",12,24,27,737,294,3,44,4
"19041001","19050101",6,27,19,594,187,2,45,4
"19050101","19050401",9,29,21,414,201,1,30,4
"19050401","19050701",9,22,18,501,207,1,30,4
"19050701","19051001",4,26,18,575,232,2,26,1
"19051001","19060101",15,29,11,551,178,1,39,1
"19060101","19060401",24,9,25,484,229,1,24,2
"19060401","19060701",11,14,19,512,188,2,26,3
"19060701","19061001",8,18,25,559,282,0,39,4
"19061001","19070101",10,30,47,548,336,1,43,9
"19070101","19070401",11,13,28,562,266,0,41,10
"19070401","19070701",13,23,25,556,201,0,37,6
"19070701","19071001",3,43,22,611,226,5,33,4
"19071001","19080101",7,28,22,568,207,2,32,14
"19080101","19080401",6,16,20,581,183,2,30,5
"19080401","19080701",12,21,20,588,246,0,27,5
"19080701","19081001",5,25,34,630,239,1,39,7
"19081001","19090101",5,25,30,566,169,0,29,6
"19090101","19090401",9,34,41,599,201,1,35,31
"19090401","19090701",7,41,35,647,230,2,27,18
"19090701","19091001",12,24,36,588,188,2,20,23
"19091001","19100101",7,43,48,594,193,2,36,7
"19100101","19100401",21,25,55,653,208,0,25,11
"19100401","19100701",8,31,80,744,248,0,36,10
"19100701","19101001",6,21,34,716,254,0,31,7
"19101001","19110101",6,34,48,686,188,0,42,15
"19110101","19110401",4,34,33,601,256,3,45,12
"19110401","19110701",14,25,31,650,219,1,49,20
"19110701","19111001",19,36,31,719,235,1,29,15
"19111001","19120101",7,32,29,743,251,2,46,20
"19120101","19120401",22,39,41,718,192,4,50,18
"19120401","19120701",15,45,42,689,281,1,42,15
"19120701","19121001",14,33,44,642,264,0,51,21
"19121001","19130101",11,47,43,765,165,0,47,24
"19130101","19130401",7,38,41,652,187,2,47,26
"19130401","19130701",11,49,43,623,171,8,50,23
"19130701","19131001",18,38,44,651,175,6,47,16
"19131001","19140101",18,44,35,717,152,3,55,23
"19140101","19140401",11,36,38,649,197,1,47,19
"19140401","19140701",13,45,41,610,180,5,40,17
"19140701","19141001",6,50,28,564,127,2,47,7
"19141001","19150101",9,58,33,689,172,3,77,11
"19150101","19150401",9,47,32,611,135,2,72,14
"19150401","19150701",12,55,31,699,157,1,95,7
"19150701","19151001",14,63,28,623,124,3,83,11
"19151001","19160101",20,44,33,721,109,1,75,9
"19160101","19160401",14,51,43,595,149,4,63,9
"19160401","19160701",18,65,23,586,168,9,75,9
"19160701","19161001",7,54,27,697,123,0,78,11
"19161001","19170101",11,48,16,534,94,2,71,4
"19170101","19170401",25,35,27,470,108,1,64,5
"19170401","19170701",9,43,25,434,93,1,45,6
"19170701","19171001",7,58,23,455,130,2,58,8
"19171001","19180101",12,40,19,546,104,3,54,17
"19180101","19180401",8,51,24,468,103,1,45,7
"19180401","19180701",14,59,28,557,105,0,51,5
"19180701","19181001",8,46,21,518,102,1,41,4
"19181001","19190101",7,46,17,484,53,2,65,4
"19190101","19190401",18,89,29,444,110,9,74,4
"19190401","19190701",15,117,22,469,118,11,59,10
"19190701","19191001",25,90,29,495,145,2,84,7
"19191001","19200101",17,73,12,511,147,4,40,10
"19200101","19200401",27,60,30,510,119,4,55,3
"19200401","19200701",24,60,20,516,154,3,63,11
"19200701","19201001",8,77,32,516,165,4,67,11
"19201001","19210101",21,83,25,658,158,2,36,29
"19210101","19210401",19,86,36,616,209,3,51,30
"19210401","19210701",22,57,37,835,281,1,61,35
"19210701","19211001",14,87,45,759,191,5,64,16
"19211001","19220101",21,101,34,690,230,7,76,20
"19220101","19220401",9,51,31,750,279,1,54,7
"19220401","19220701",17,89,39,822,260,5,77,16
"19220701","19221001",12,80,41,818,294,6,67,6
"19221001","19230101",12,117,45,858,246,4,68,20
"19230101","19230401",17,129,50,862,280,12,73,20
"19230401","19230701",22,114,59,847,267,8,83,17
"19230701","19231001",12,73,42,862,312,4,67,18
"19231001","19240101",18,115,63,735,286,7,60,7
"19240101","19240401",35,99,40,790,286,16,61,10
"19240401","19240701",25,177,44,854,306,26,90,25
"19240701","19241001",10,155,52,872,349,9,67,17
"19241001","19250101",18,104,35,814,285,8,70,20
"19250101","19250401",23,116,46,912,367,3,56,25
"19250401","19250701",20,93,61,972,323,8,69,32
"19250701","19251001",21,115,56,891,381,9,57,12
"19251001","19260101",18,122,58,881,394,8,67,12
"19260101","19260401",26,105,45,935,347,11,79,23
"19260401","19260701",34,106,63,1055,357,9,112,27
"19260701","19261001",14,100,46,1040,383,5,79,16
"19261001","19270101",19,101,55,1175,369,3,83,19
"19270101","19270401",20,88,60,1016,313,5,99,35
"19270401","19270701",9,81,52,1180,332,8,83,21
"19270701","19271001",15,80,57,1230,351,3,49,17
"19271001","19280101",16,103,73,1075,357,3,46,14
"19280101","19280401",25,107,96,1188,420,5,81,14
"19280401","19280701",22,110,95,1258,438,9,84,34
"19280701","19281001",13,96,142,1198,457,7,71,23
"19281001","19290101",10,122,111,1118,412,8,67,22
"19290101","19290401",22,99,99,1192,328,1,77,35
"19290401","19290701",12,96,118,1116,350,6,69,32
"19290701","19291001",15,103,81,1126,372,10,81,31
"19291001","19300101",22,128,99,1218,377,10,73,46
"19300101","19300401",26,120,139,1417,451,2,102,53
"19300401","19300701",22,119,138,1282,503,6,70,40
"19300701","19301001",14,112,82,1335,483,4,62,34
"19301001","19310101",39,119,108,1222,407,10,69,36
"19310101","19310401",23,103,134,1360,456,7,98,63
"19310401","19310701",17,118,128,1273,438,7,98,47
"19310701","19311001",19,99,97,1282,435,5,67,25
"19311001","19320101",23,87,122,1251,435,6,79,24
"19320101","19320401",26,110,68,1155,351,11,84,28
"19320401","19320701",25,120,52,929,343,14,62,24
"19320701","19321001",16,109,50,977,327,9,73,29
"19321001","19330101",45,100,66,1058,316,7,81,27
"19330101","19330401",26,136,58,1066,332,17,83,36
"19330401","19330701",18,174,41,1075,298,25,73,30
"19330701","19331001",14,131,63,1007,257,9,53,23
"19331001","19340101",27,173,65,1151,350,13,88,38
"19340101","19340401",24,138,33,1209,314,10,111,45
"19340401","19340701",33,165,56,1226,315,9,75,33
"19340701","19341001",15,111,51,1174,247,10,90,18
"19341001","19350101",10,131,49,1136,338,13,75,13
"19350101","19350401",19,143,67,1123,359,8,70,17
"19350401","19350701",22,119,77,1248,427,15,83,23
"19350701","19351001",25,200,142,1282,445,18,66,30
"19351001","19360101",23,160,122,1199,396,24,71,32
"19360101","19360401",33,152,74,1185,326,8,101,19
"19360401","19360701",24,142,72,1323,447,9,148,44
"19360701","19361001",17,148,52,1181,459,8,108,27
"19361001","19370101",20,151,65,1273,422,4,135,53
"19370101","19370401",19,138,107,1525,463,17,211,30
"19370401","19370701",24,121,132,1731,470,6,194,20
"19370701","19371001",13,143,131,1753,513,12,170,30
"19371001","19380101",27,156,104,1688,446,13,182,22
"19380101","19380401",34,174,109,1555,341,17,157,27
"19380401","19380701",32,179,94,1507,386,3,240,22
"19380701","19381001",21,216,83,1340,432,24,203,20
"19381001","19390101",28,370,121,1523,408,29,241,24
"19390101","19390401",38,243,116,1388,441,19,210,28
"19390401","19390701",30,211,110,1434,412,20,188,21
"19390701","19391001",25,172,107,1392,404,16,122,19
"19391001","19400101",25,177,126,1626,384,8,177,15
"19400101","19400401",29,153,104,1450,421,16,194,17
"19400401","19400701",26,135,140,1417,344,10,184,15
"19400701","19401001",16,134,189,1230,366,10,127,7
"19401001","19410101",20,204,170,1262,408,16,138,21
"19410101","19410401",18,120,258,1103,351,16,124,17
"19410401","19410701",16,128,374,1097,320,20,110,15
"19410701","19411001",7,122,215,1157,298,9,73,16
"19411001","19420101",24,144,242,1202,382,18,104,17
"19420101","19420401",9,142,152,1047,310,19,69,24
"19420401","19420701",17,158,198,952,355,32,74,20
"19420701","19421001",6,130,245,1082,297,28,78,20
"19421001","19430101",14,164,790,1076,409,37,68,25
"19430101","19430401",11,127,319,1047,310,22,77,14
"19430401","19430701",23,134,360,1101,320,38,72,30
"19430701","19431001",12,159,243,968,293,47,61,36
"19431001","19440101",21,158,187,932,318,39,62,40
"19440101","19440401",12,177,123,961,307,31,76,26
"19440401","19440701",21,179,95,1049,362,46,85,31
"19440701","19441001",22,165,71,871,342,36,77,22
"19441001","19450101",15,177,68,946,286,32,121,22
"19450101","19450401",23,170,83,1172,336,70,89,30
"19450401","19450701",30,139,85,1228,334,38,70,13
"19450701","19451001",14,151,75,1095,313,34,89,23
"19451001","19460101",22,225,64,1151,337,46,92,29
"19460101","19460401",30,197,89,1186,335,48,184,32
"19460401","19460701",55,242,126,1326,438,67,178,34
"19460701","19461001",13,222,128,1356,461,56,177,34
"19461001","19470101",37,284,127,1344,459,71,212,43
"19470101","19470401",39,239,81,1161,423,79,222,43
"19470401","19470701",35,208,107,1137,450,65,200,54
"19470701","19471001",35,183,70,1065,421,74,138,49
"19471001","19480101",29,221,86,1080,432,71,227,59
"19480101","19480401",25,230,55,952,413,73,299,107
"19480401","19480701",37,212,71,894,388,63,364,109
"19480701","19481001",16,217,62,982,463,70,381,126
"19481001","19490101",20,212,81,1092,438,59,333,82
"19490101","19490401",41,244,95,1120,480,75,370,98
"19490401","19490701",24,221,84,1007,470,71,261,98
"19490701","19491001",29,190,87,1102,460,49,240,57
"19491001","19500101",28,249,95,1102,465,88,314,82
"19500101","19500401",30,204,169,1312,352,62,328,89
"19500401","19500701",33,243,165,1211,405,66,277,116
"19500701","19501001",26,181,167,1318,384,47,213,80
"19501001","19510101",35,141,167,1357,326,42,222,64
"19510101","19510401",40,148,156,1243,310,48,162,62
"19510401","19510701",25,137,182,1231,363,32,158,75
"19510701","19511001",20,140,166,1294,319,42,170,53
"19511001","19520101",25,155,188,1273,340,34,177,60
"19520101","19520401",21,189,78,1093,381,54,194,82
"19520401","19520701",33,207,75,996,322,56,289,102
"19520701","19521001",22,200,78,1081,356,59,403,97
"19521001","19530101",15,247,82,1093,369,57,272,142
"19530101","19530401",20,204,58,1047,272,52,211,105
"19530401","19530701",18,181,71,1032,282,33,163,88
"19530701","19531001",15,189,87,1067,268,52,133,87
"19531001","19540101",25,177,59,987,281,32,140,120
"19540101","19540401",28,162,68,995,260,45,150,77
"19540401","19540701",33,222,78,1014,332,50,129,282
"19540701","19541001",20,221,78,960,307,45,120,210
"19541001","19550101",17,213,77,1005,363,42,153,216
"19550101","19550401",29,170,101,950,304,44,136,150
"19550401","19550701",11,233,129,901,271,59,141,212
"19550701","19551001",8,183,101,856,274,41,120,150
"19551001","19560101",14,249,97,968,311,55,177,200
"19560101","19560401",25,365,204,1179,561,81,276,431
"19560401","19560701",18,332,205,1144,400,71,383,317
"19560701","19561001",16,344,176,1197,508,59,448,361
"19561001","19570101",17,274,201,1168,497,43,309,236
"19570101","19570401",22,280,234,1084,412,53,325,206
"19570401","19570701",17,258,193,1103,327,58,362,165
"19570701","19571001",16,706,189,1182,664,76,601,256
"19571001","19580101",23,485,202,1200,509,57,249,201
"19580101","19580401",14,281,110,929,292,49,190,107
"19580401","19580701",16,306,105,912,359,48,180,136
"19580701","19581001",23,661,106,930,596,59,238,260
"19581001","19590101",11,504,90,895,418,75,283,204
"19590101","19590401",19,413,119,968,423,72,294,171
"19590401","19590701",12,331,113,1026,399,61,186,140
"19590701","19591001",13,455,121,962,507,78,289,135
"19591001","19600101",16,262,151,975,348,47,183,87
"19600101","19600401",21,525,155,1053,710,144,522,236
"19600401","19600701",25,570,195,1083,584,135,303,311
"19600701","19601001",27,449,301,1038,582,94,483,171
"19601001","19610101",17,431,300,1105,582,95,310,178
"19610101","19610401",12,508,219,1005,596,117,252,208
"19610401","19610701",20,573,203,1069,595,121,261,278
"19610701","19611001",13,426,197,1028,582,107,243,180
"19611001","19620101",18,428,233,1002,524,132,240,202
"19620101","19620401",19,448,265,1242,559,128,262,224
"19620401","19620701",18,402,258,1341,567,108,256,198
"19620701","19621001",26,574,279,1355,853,127,320,281
"19621001","19630101",17,391,241,1112,634,120,228,174
"19630101","19630401",10,165,66,294,198,66,113,67
"19630401","19630701",16,1185,296,1424,1478,370,734,504
"19630701","19631001",24,1556,315,1399,1747,481,1313,443
"19631001","19640101",25,783,274,1497,990,242,915,218
"19640101","19640401",13,878,170,1212,923,161,1080,296
"19640401","19640701",12,1129,153,1266,1251,207,1509,394
"19640701","19641001",13,1243,152,1182,1356,116,1438,415
"19641001","19650101",6,657,223,1219,851,97,881,211
"19650101","19650401",16,781,213,1304,1147,152,1010,358
"19650401","19650701",19,842,172,1252,992,142,990,356
"19650701","19651001",18,805,156,1055,1003,124,915,341
"19651001","19660101",7,648,188,1355,802,124,704,263
"19660101","19660401",23,605,301,1647,953,151,756,217
"19660401","19660701",20,637,289,1683,994,142,869,173
"19660701","19661001",18,978,284,1725,1321,160,1066,227
"19661001","19670101",12,685,315,1699,1008,124,825,200
"19670101","19670401",12,503,305,1603,817,114,648,74
"19670401","19670701",19,658,242,1544,991,139,668,81
"19670701","19671001",16,1043,216,1643,1580,145,712,100
"19671001","19680101",25,690,261,1615,1134,105,565,76
"19680101","19680401",17,676,191,1491,1153,125,585,66
"19680401","19680701",28,926,175,1855,1722,149,794,84
"19680701","19681001",18,876,139,1820,1486,119,536,77
"19681001","19690101",11,985,156,2026,1329,95,490,69
"19690101","19690401",20,656,181,2035,1232,103,496,85
"19690401","19690701",24,675,149,2188,1202,101,546,69
"19690701","19691001",27,607,176,1826,845,104,482,92
"19691001","19700101",20,593,129,2111,720,92,465,82
"19700101","19700401",25,727,257,2406,658,108,552,149
"19700401","19700701",15,639,211,2555,677,82,506,116
"19700701","19701001",15,624,174,2427,506,114,381,103
"19701001","19710101",12,545,196,2434,404,105,388,58
"19710101","19710401",24,421,140,2017,303,102,375,80
"19710401","19710701",22,531,130,2332,293,93,376,97
"19710701","19711001",19,476,112,2018,255,91,400,100
"19711001","19720101",23,439,138,2078,249,79,386,70
"19720101","19720401",39,525,144,2268,183,97,472,115
"19720401","19720701",36,393,112,2226,131,49,393,88
"19720701","19721001",46,372,161,2191,107,65,343,43
"19721001","19730101",43,537,125,2529,106,84,408,51
"19730101","19730401",37,461,192,2620,120,80,448,52
"19730401","19730701",27,377,221,2366,89,63,423,44
"19730701","19731001",21,359,194,2150,77,52,378,43
"19731001","19740101",47,395,235,2327,81,52,409,36
"19740101","19740401",27,332,165,2228,80,57,412,68
"19740401","19740701",66,407,160,2408,79,73,470,74
"19740701","19741001",48,369,187,2150,73,46,458,75
"19741001","19750101",86,452,294,2312,62,50,384,69
"19750101","19750401",79,356,184,2126,78,66,463,55
"19750401","19750701",62,325,180,2113,67,75,366,73
"19750701","19751001",60,378,206,2039,49,72,355,61
"19751001","19760101",53,439,270,2076,42,134,479,62
"19760101","19760401",63,354,253,2030,48,73,437,39
"19760401","19760701",73,501,280,2370,74,145,551,126
"19760701","19761001",60,490,386,2475,60,87,428,53
"19761001","19770101",66,466,287,2560,72,102,480,64
"19770101","19770401",80,347,273,2375,45,95,536,87
"19770401","19770701",73,382,334,2334,59,87,499,65
"19770701","19771001",108,411,269,2428,53,106,529,66
"19771001","19780101",128,462,292,2496,45,105,479,67
"19780101","19780401",66,377,317,2301,54,80,542,52
"19780401","19780701",106,372,366,2335,51,95,550,70
"19780701","19781001",65,184,111,966,13,48,237,22
"19781001","19790101",41,210,174,1329,32,40,258,21
"19790101","19790401",73,281,235,2067,57,55,371,48
"19790401","19790701",79,274,257,2101,41,73,383,67
"19790701","19791001",70,365,260,2176,40,93,460,61
"19791001","19800101",75,292,251,2234,65,64,440,58
"19800101","19800401",63,230,235,1994,74,47,378,29
"19800401","19800701",58,378,270,2580,57,73,548,28
"19800701","19801001",176,562,354,3743,70,141,801,40
"19801001","19810101",137,629,379,4007,103,102,854,81
"19810101","19810401",55,279,194,1673,35,70,332,65
"19810401","19810701",63,295,228,1762,42,91,291,42
"19810701","19811001",84,357,232,1838,40,126,411,62
"19811001","19820101",75,386,205,2100,51,121,460,41
"19820101","19820401",54,282,133,1699,33,139,433,55
"19820401","19820701",40,282,144,1687,50,74,355,45
"19820701","19821001",41,263,135,1517,24,84,337,42
"19821001","19830101",48,256,162,1702,27,76,322,37
"19830101","19830401",47,292,163,1670,30,80,362,40
"19830401","19830701",79,321,126,1781,40,90,462,48
"19830701","19831001",59,297,157,1648,22,90,447,50
"19831001","19840101",62,268,129,1722,28,62,427,45
"19840101","19840401",77,278,136,1803,34,89,501,44
"19840401","19840701",64,269,140,1827,27,76,463,42
"19840701","19841001",77,251,184,1703,25,60,485,32
"19841001","19850101",45,257,213,1782,26,57,444,53
"19850101","19850401",43,296,191,1712,34,53,322,43
"19850401","19850701",77,344,197,1867,36,61,424,61
"19850701","19851001",68,419,349,1947,27,81,351,73
"19851001","19860101",86,430,229,2116,28,102,433,57
"19860101","19860401",68,340,221,1863,55,67,439,58
"19860401","19860701",61,393,254,2000,26,76,380,55
"19860701","19861001",64,408,321,2042,33,85,437,55
"19861001","19870101",45,378,260,2085,46,68,480,52
"19870101","19870401",59,496,207,2010,41,102,449,55
"19870401","19870701",79,398,185,2040,37,97,437,55
"19870701","19871001",71,335,219,1850,32,65,471,57
"19871001","19880101",50,424,205,2221,30,62,456,48
"19880101","19880401",38,473,185,2193,53,88,514,46
"19880401","19880701",55,404,221,2041,31,73,412,47
"19880701","19881001",41,417,218,1981,28,109,475,84
"19881001","19890101",48,414,235,2138,28,92,419,59
"19890101","19890401",104,445,218,2066,34,93,506,62
"19890401","19890701",75,409,216,2073,26,90,390,36
"19890701","19891001",62,555,210,2123,24,89,474,58
"19891001","19900101",24,436,218,2225,31,59,448,57
"19900101","19900401",46,507,259,2120,53,84,411,44
"19900401","19900701",82,610,301,2252,32,121,436,49
"19900701","19901001",81,489,304,2033,34,128,460,45
"19901001","19910101",96,479,266,2147,29,136,436,38
"19910101","19910401",46,403,224,1956,41,103,440,49
"19910401","19910701",89,463,236,1950,37,124,521,58
"19910701","19911001",112,619,276,2106,48,124,463,67
"19911001","19920101",99,540,247,2044,30,135,475,43
"19920101","19920401",36,473,215,2015,29,73,399,46
"19920401","19920701",44,610,245,2228,44,98,431,52
"19920701","19921001",38,465,259,2013,22,76,415,36
"19921001","19930101",27,607,272,2107,36,97,419,41
"19930101","19930401",52,488,244,1882,28,109,533,79
"19930401","19930701",40,474,254,1963,33,95,542,51
"19930701","19931001",46,421,240,1864,26,87,377,45
"19931001","19940101",31,418,257,2142,29,68,422,49
"19940101","19940401",31,364,284,2035,53,62,398,43
"19940401","19940701",45,375,291,1931,44,91,416,38
"19940701","19941001",36,363,248,1819,42,92,432,55
"19941001","19950101",33,331,273,1982,36,77,385,33
"19950101","19950401",132,355,226,1813,40,84,391,44
"19950401","19950701",132,312,246,1882,40,85,379,50
"19950701","19951001",176,334,248,1828,39,72,346,44
"19951001","19960101",105,448,305,2145,44,76,478,47
"19960101","19960401",105,313,286,1919,57,63,417,45
"19960401","19960701",108,375,338,2022,50,55,386,46
"19960701","19961001",125,303,313,1905,22,50,398,47
"19961001","19970101",125,349,286,1935,29,86,380,34
"19970101","19970401",62,372,341,2015,53,80,404,39
"19970401","19970701",98,354,350,1955,51,64,396,39
"19970701","19971001",83,337,296,2058,23,76,408,38
"19971001","19980101",197,401,403,2288,35,74,434,63
"19980101","19980401",67,381,399,2197,69,66,479,55
"19980401","19980701",118,388,333,2136,33,73,466,29
"19980701","19981001",93,310,384,2201,32,39,414,51
"19981001","19990101",68,344,406,2322,39,68,455,39
"19990101","19990401",59,493,418,2322,46,94,531,54
"19990401","19990701",72,411,339,2248,42,93,451,38
"19990701","19991001",58,332,407,2111,47,79,396,41
"19991001","20000101",51,368,425,2182,45,88,494,54
"20000101","20000401",65,429,522,2274,51,101,525,57
"20000401","20000701",65,404,529,2271,56,102,507,55
"20000701","20001001",109,415,507,2413,40,88,500,42
"20001001","20010101",75,367,487,2349,44,94,508,36
"20010101","20010401",85,435,511,2210,46,121,521,48
"20010401","20010701",58,417,449,2165,39,100,455,44
"20010701","20011001",44,394,417,2136,48,92,459,54
"20011001","20020101",48,290,389,2155,49,55,456,28
"20020101","20020401",49,335,451,2174,44,77,459,48
"20020401","20020701",50,270,441,2174,26,66,448,40
"20020701","20021001",29,226,412,2089,35,50,421,42
"20021001","20030101",78,311,436,2295,44,72,430,80
"20030101","20030401",132,325,441,2209,44,84,413,73
"20030401","20030701",118,323,459,2176,61,85,488,44
"20030701","20031001",62,210,519,1978,25,49,414,44
"20031001","20040101",56,252,422,2198,35,45,400,44
"20040101","20040401",48,232,460,2116,40,54,474,44
"20040401","20040701",57,208,462,2058,26,40,425,71
"20040701","20041001",28,214,455,2045,20,42,429,34
"20041001","20050101",40,203,421,2089,25,35,404,27
"20050101","20050401",31,215,422,2041,34,39,413,37
"20050401","20050701",30,237,438,1969,31,38,438,47
"20050701","20051001",77,288,453,2237,36,65,452,59
"20051001","20060101",52,233,413,2227,36,46,428,55
"20060101","20060401",57,281,427,2174,60,44,392,64
"20060401","20060701",33,332,534,2524,43,46,505,46
"20060701","20061001",34,295,549,2768,59,48,542,39
"20061001","20070101",60,353,587,2953,52,61,558,55
"20070101","20070401",37,359,752,3007,46,65,517,61
"20070401","20070701",37,401,665,2935,44,74,504,63
"20070701","20071001",48,333,540,2705,31,53,543,62
"20071001","20080101",18,389,566,2855,38,64,505,45
"20080101","20080401",41,497,837,3290,73,56,488,58
"20080401","20080701",32,377,690,2988,69,55,481,53
"20080701","20081001",50,301,638,2940,46,36,418,44
"20081001","20090101",30,380,762,3204,52,53,535,46
"20090101","20090401",36,347,783,3044,94,72,596,64
"20090401","20090701",50,318,602,2936,63,71,608,50
"20090701","20091001",51,372,608,2821,58,79,511,55
"20091001","20100101",24,231,523,3109,61,31,495,55
"20100101","20100401",35,323,589,3021,73,54,558,61
"20100401","20100701",40,359,571,2962,69,65,583,76
"20100701","20101001",39,281,472,2745,36,66,492,46
"20101001","20110101",28,242,472,3183,53,26,427,43
"20110101","20110401",21,254,557,3135,49,45,580,44
"20110401","20110701",23,252,546,2934,49,44,559,55
"20110701","20111001",37,267,602,3192,59,42,504,40
"20111001","20120101",52,369,624,3801,53,76,684,69
"20120101","20120401",44,448,687,3507,68,76,671,83
"20120401","20120701",54,442,582,2969,42,93,683,73
"20120701","20121001",41,297,592,2806,51,65,564,58
"20121001","20130101",75,253,477,2552,43,55,528,51
"20130101","20130401",38,262,501,2445,31,67,619,64
"20130401","20130701",80,364,517,2451,68,76,683,75
"20130701","20131001",35,387,536,2532,54,88,635,73
"20131001","20140101",12,312,481,2583,42,63,550,45
"20140101","20140401",25,505,781,4653,56,94,1401,98
"20140401","20140701",69,651,968,4886,88,139,1423,136
"20140701","20141001",36,692,1121,5029,68,131,1586,110
"20141001","20150101",32,790,1204,5728,62,151,1604,114
